,Team,Player,Mouse,Hz,DPI,Sens,eDPI,Scoped Sens,Monitor,Resolution,Mousepad,Keyboard,Headset
0,FaZe Clan,Shanks,Logitech G703,1000.0,400.0,0.45,180.0,1.0,ZOWIE XL2546,1920x1080,ZOWIE G-SR-SE Rouge,Razer Huntsman V2 TKL,HyperX Cloud II
1,MOUZ,iluri,Razer Deathadder V3 Pro Black,4000.0,800.0,0.32,256.0,1.0,ZOWIE XL2546K,1280x960,Razer Gigantus V2,Razer Huntsman Mini,Razer BlackShark V2 Pro
2,MOUZ,Obnoks,Razer Deathadder V3 Pro Black,1000.0,400.0,0.33299999999999996,131.2,1.0,AOC AG254FG,1920x1080,Razer Gigantus V2,Razer Huntsman V2 TKL,Razer BlackShark V2 Pro
3,MOUZ,murii,G-Wolves Hati S+ 4K,1000.0,800.0,0.375,300.0,1.0,ASUS ROG STRIX XG248Q,1280x1024,Razer Gigantus V2,Razer Huntsman V2 TKL,Razer BlackShark V2
4,G2 Esports,trent,Razer Viper V2 Pro Black,1000.0,1600.0,0.125,200.0,1.0090000000000001,ZOWIE XL2546,1280x960,Lamzu Energon,Wooting 60 HE,HyperX Cloud II
5,G2 Esports,ShahZaM,Logitech G703,1000.0,800.0,0.265,212.0,1.0,ZOWIE XL2546,1920x1080,Artisan Ninja FX Zero Soft,Wooting 60 HE,HyperX Cloud II
6,G2 Esports,neT,Razer Viper V2 Pro Black,1000.0,400.0,0.44,176.0,1.0,ZOWIE XL2566K,1920x1080,Logitech G640 Original,Anne Pro 2,HyperX Cloud II
7,G2 Esports,valyn,Logitech G Pro X Superlight Black,1000.0,1600.0,0.15,240.0,1.0,ZOWIE XL2566K,1920x1080,Logitech G640 Original,Razer Huntsman Mini,Logitech G Pro X Headset
8,G2 Esports,JonahP,Razer Viper V2 Pro Black,1000.0,400.0,0.5,200.0,1.0,ZOWIE XL2546,1920x1080,Gamesense Radar,Logitech G Pro Keyboard,Sennheiser GAME ZERO
9,G2 Esports,leaf,Logitech G Pro X Superlight 2 Black,2000.0,1600.0,0.07,112.0,1.0,ZOWIE XL2566K,1280x960,ZOWIE G-SR-SE Gris,Wooting 60 HE,HyperX Cloud II
10,Team Vitality,ceNder,Razer Deathadder V3 Pro White,1000.0,400.0,0.35,140.0,1.0,AlienWare AW2518HF,1920x1080,ZOWIE G-SR-SE Rouge,Ducky One 2 Mini,HyperX Cloud Alpha S
11,Team Vitality,Destrian,Razer Viper V2 Pro White,,,,,,,,VAXEE PA FunSpark V2,,
12,Team Vitality,BONECOLD,Razer Deathadder V3 Pro Black,1000.0,800.0,0.27,216.0,1.0,ZOWIE XL2540,1280x960,VAXEE PA Black,Razer Huntsman V3 Pro TKL,Sennheiser GAME ZERO
13,Team Vitality,MOLSI,Logitech G Pro X Superlight Black,1000.0,1600.0,0.15,240.0,1.0,ZOWIE XL2566K,1280x960,Logitech G640 Original,,HyperX Cloud II Wireless
14,Team Vitality,Sayf,Logitech G Pro X Superlight Red,1000.0,800.0,0.25,200.0,1.3,ASUS ROG SWIFT PG259QN,1280x1024,Artisan FX Hien XSoft,Wooting 60 HE,HyperX Cloud II
15,Natus Vincere,ANGE1,Razer Deathadder V3 Pro White,1000.0,800.0,0.5,400.0,1.0,ZOWIE XL2546,1280x960,Logitech G640 NAVI,Logitech G715,HyperX Cloud Revolver
16,Natus Vincere,Zyppan,VAXEE XE Wireless Black,1000.0,800.0,0.24,192.0,1.0,,1920x1080,Logitech G640 Original,Logitech G Pro X Keyboard,
17,Natus Vincere,ardiis,Logitech G Pro X Superlight White,1000.0,800.0,0.27,216.0,1.0,AOC AG251FZ2E,1920x1080,Artisan Ninja FX Zero Soft,Wooting 60 HE,Logitech G Pro X Headset
18,Natus Vincere,Suygetsu,Logitech G Pro X Superlight 2 Black,1000.0,800.0,0.25,200.0,1.0,ZOWIE XL2546,1440x1080,Artisan Ninja FX Zero XSoft,Logitech G Pro X TKL Keyboard Magenta,Logitech G Pro X Headset
19,Natus Vincere,Shao,Logitech G Pro X Superlight Magenta,1000.0,800.0,0.35,280.0,1.0,ZOWIE XL2546,1920x1080,Logitech G740,HyperX Alloy FPS,HyperX Cloud II
20,Cloud9,jakee,Logitech G Pro X Superlight Black,1000.0,800.0,0.217,173.6,1.0,ZOWIE XL2566K,1920x1080,Artisan Ninja FX Zero Soft,Wooting 60 HE,HyperX Cloud II Pink
21,Cloud9,OXY,Logitech G Pro X Superlight Black,1000.0,800.0,0.23,184.0,1.0,,1600x1024,HyperX Fury S Pro,Wooting 60 HE,Sennheiser HD 599
22,Cloud9,wippie,ZOWIE EC1-CW,1000.0,800.0,1.5719999999999998,1257.6,0.948,ZOWIE XL2566K,1024x768,Logitech G640 NAVI,Logitech G915,Logitech G Pro X Wireless Headset
23,Cloud9,Xeppaa,Logitech G Pro X Superlight 2 Magenta,1000.0,1600.0,0.14,224.0,1.0,ZOWIE XL2566K,1280x960,ZOWIE G-SR-SE Gris,HyperX Alloy Origins Core,HyperX Cloud II
24,Cloud9,vanity,ZOWIE EC2-CW,1000.0,1600.0,0.141,225.6,1.0,ZOWIE XL2566K,1920x1080,Logitech G640 Original,HyperX Alloy FPS,HyperX Cloud II
25,Team Occupy,Yassa,Logitech G Pro Wireless,1000.0,800.0,0.23,184.0,1.0,GIGABYTE AORUS FI25F,1920x1080,Logitech G640 Original,Logitech G Pro Keyboard,Logitech G Pro X Wireless Headset
26,Team Liquid,frttt,ZOWIE EC2,1000.0,1600.0,0.755,1208.0,1.0,ZOWIE XL2546K,1920x1080,HyperX Fury S Pro,HyperX Alloy FPS,HyperX Cloud II
27,Team Liquid,Mendo,Logitech G Pro X Superlight White,1000.0,450.0,0.55,247.5,1.0,Alienware AW2521H,1440x1080,Artisan Ninja FX Zero Soft,Custom Keyboard,beyerdynamic DT 1990 PRO
28,Team Liquid,nAts,ZOWIE S2,1000.0,800.0,0.49,392.0,1.0,ZOWIE XL2546K,1280x960,ZOWIE G-SR,Alienware AW420K,HyperX Cloud Alpha S
29,Team Liquid,Mistic,Logitech G Pro X Superlight Magenta,1000.0,800.0,0.24,192.0,1.0,ZOWIE XL2546K,1280x960,VAXEE PA FunSpark,Wooting 60 HE,HyperX Cloud II
30,Team Liquid,Enzo,Lamzu Atlantis,1000.0,800.0,0.314,400.0,1.0,ZOWIE XL2546,1440x1080,Lethal Gaming Gear Saturn Pro,Razer Huntsman V2,HyperX Cloud II Gun Metal
31,Team Liquid,bizerra,Logitech G Pro X Superlight Black,1000.0,800.0,0.26,208.0,,Alienware AW2521HF,1920x1080,Artisan Ninja FX Zero Soft,Logitech G Pro X Keyboard,HyperX Cloud Orbit S
32,Team Liquid,joojina,VAXEE XE Wireless Orange,1000.0,800.0,0.4,320.0,,ASUS TUF VG279QM,1920x1080,VAXEE PA FunSpark,Alienware AW420K,Logitech G733
33,Team Liquid,Jamppi,ZOWIE EC1-CW,1000.0,800.0,0.317,253.56,1.0090000000000001,ASUS ROG XG258Q,1440x1080,Logitech G640 Original,Alienware AW420K,HyperX Cloud II
34,Team Liquid,bstrdd,Logitech G Pro X Superlight 2 Black,,800.0,0.29,232.0,,Alienware AW2521HF,1920x1080,Artisan Ninja FX Zero XSoft,Wooting 60 HE,HyperX Cloud III
35,Fnatic,Alfajer,Razer Deathadder V3 Pro White,1000.0,400.0,0.45,180.0,1.0,ZOWIE XL2566K,1920x1080,Artisan Ninja FX Zero Soft,Fnatic miniSTREAK,HyperX Cloud II
36,Fnatic,Derke,Logitech G Pro X Superlight Black,1000.0,800.0,0.37,296.0,1.0,ASUS ROG PG27AQDM,2560x1440,ZOWIE G-SR-SE Gris,Wooting 60 HE,HyperX Cloud II Gun Metal
37,Fnatic,Leo,Razer Deathadder V3 Pro White,1000.0,400.0,0.41,164.0,1.0,ZOWIE XL2566K,1280x1024,Artisan FX Hien Mid,Wooting 60 HE,
38,Fnatic,Boaster,Fnatic x Lamzu Thorn,1000.0,400.0,0.52,208.0,1.0,ZOWIE XL2566K,1920x1080,Fnatic DASH XL,Fnatic miniSTREAK,Logitech G Pro X Headset
39,Fnatic,Chronicle,Fnatic x Lamzu Thorn,4000.0,1600.0,0.125,200.0,0.95,ASUS ROG PG27AQDM,2560x1440,Artisan Hayate Otsu Mid,Wooting 60 HE,beyerdynamic MMX 300
40,FURIA,Khalil,Logitech G Pro X Superlight Black,1000.0,1600.0,0.21,336.0,1.0,ZOWIE XL2546,1920x1080,ZOWIE G-SR-SE Gris,SteelSeries Apex Pro TKL (2023),HyperX Cloud II
41,FURIA,mwzera,ZOWIE EC3-CW,1000.0,800.0,0.4,320.0,0.89,ZOWIE XL2546K,1280x1024,SteelSeries QcK Heavy,HyperX Alloy FPS Pro,HyperX Cloud II
42,MIBR,jzz,Logitech G Pro X Superlight Red,1000.0,800.0,0.3,240.0,1.0,,1920x1080,VAXEE PA FunSpark V2,Logitech G Pro X Keyboard,HyperX Cloud II Gun Metal
43,MIBR,RgLM,Logitech G Pro X Superlight Magenta,,800.0,0.4,320.0,,,,VAXEE PA Black,Logitech G Pro K/DA Keyboard,HyperX Cloud II
44,MIBR,frz,Logitech G Pro X Superlight Black,1000.0,800.0,0.32,256.0,1.0,ZOWIE XL2546,1920x1080,VAXEE PA Black,Logitech G915 TKL,HyperX Cloud II
45,MIBR,mazin,Logitech G Pro X Superlight Black,1000.0,800.0,0.35,280.0,1.0,ZOWIE XL2546,1920x1080,SteelSeries QcK Heavy,HyperX Alloy Origins,HyperX Cloud II
46,MIBR,tteuw,Logitech G402,1000.0,2000.0,0.375,750.0,1.0,ZOWIE XL2546,1920x1080,SteelSeries QcK Heavy,,Logitech G Pro X Headset
47,Bilibili Gaming,Knight,Logitech G Pro X Superlight Black,1000.0,400.0,0.691,276.4,1.0,ZOWIE XL2566K,1920x1080,Logitech G640 Original,Logitech G Pro X Keyboard,HyperX Cloud II
48,Bilibili Gaming,yosemite,Xtrfy M8 Frosty Mint,1000.0,800.0,0.3,240.0,,ZOWIE XL2566K,1280x960,Artisan Ninja FX Zero XSoft Orange,Wooting 60 HE,
49,Bilibili Gaming,biank,VAXEE XE Wireless White,,800.0,0.314,251.2,,ZOWIE XL2566K,1440x1080,ZOWIE G-SR-SE Rouge,Wooting 60 HE,
50,Bilibili Gaming,rin,VAXEE ZYGEN NP-01S Wireless Orange,,,,,,ZOWIE XL2566K,,VAXEE PA Pcute,Logitech G715,
51,Bilibili Gaming,whzy,Logitech G Pro X Superlight Black,1000.0,400.0,0.485,388.0,1.0,ZOWIE XL2566K,1600x1024,VAXEE PA Y22,Wooting 60 HE,
52,All Knights,adverso,Logitech G Pro X Superlight White,1000.0,400.0,0.5,200.0,1.0,,1920x1080,X-raypad Aqua Control+,Varmilo VA87M Summit,HyperX Cloud II Wireless
53,3DMAX,Davidp,Logitech G Pro X Superlight Black,1000.0,400.0,0.68,272.0,1.0,ZOWIE XL2546,1920x1080,SteelSeries QcK Heavy,Xtrfy K4 RGB,HyperX Cloud II
54,S2G,russ,ZOWIE EC2-CW,1000.0,800.0,0.45,360.0,1.0,ASUS TUF VG259QM,1920x1080,SteelSeries QcK Heavy,,Logitech G Pro X Headset
55,Rex Regum Qeon,fl1pzjder,Razer Deathadder V3 Pro White,1000.0,400.0,0.534,213.6,0.7,,1920x1080,VAXEE PA FunSpark V2,,
56,Team SMG,enerii,Logitech G Pro X Superlight Magenta,1000.0,1600.0,0.13,208.0,,ZOWIE XL2546K,1920x1080,Artisan Ninja FX Zero Soft,Custom Keyboard,HyperX Cloud II
57,FUT Esports,AtaKaptan,ZOWIE S2 Divina Blue,1000.0,800.0,0.35,280.0,1.0,Alienware AW2521H,1280x960,ZOWIE G-SR-SE Rouge,HyperX Alloy Origins Core,HyperX Cloud II
58,FUT Esports,MrFalin,Razer Deathadder V3 Pro Black,1000.0,800.0,0.33,264.0,1.0,Alienware AW2523HF,1920x1080,Artisan Ninja FX Zero Soft,Razer BlackWidow V3 Pro,
59,FUT Esports,qRaxs,ZOWIE EC2-B,1000.0,800.0,0.6,480.0,1.0,ZOWIE XL2566K,1920x1080,ZOWIE G-SR-SE Deep Blue,SteelSeries Apex Pro Mini,HyperX Cloud II
60,FUT Esports,cNed,VAXEE XE Wireless Blue,1000.0,800.0,0.3,240.0,1.0,ZOWIE XL2546K,1920x1080,Lethal Gaming Gear Saturn Pro,Logitech G Pro X Keyboard,Logitech G Pro X Headset
61,ONE Team,ChiaWei,Razer Viper Mini Signature Edition,1000.0,800.0,0.26,208.0,1.0,ZOWIE XL2546K,1920x1080,ZOWIE G-SR-SE Rouge,SteelSeries Apex Pro TKL,HyperX Cloud Alpha S
62,Oxygen Esports,mitch,Razer Deathadder V3 Pro Black,1000.0,800.0,0.28,224.0,1.0,ZOWIE XL2540,1920x1080,HyperX Fury S Pro,Ducky One 2 Mini,Razer BlackShark V2 Pro
63,Oxygen Esports,dapr,Logitech G Pro X Superlight Black,1000.0,400.0,0.66,264.0,1.0,ZOWIE XL2566K,1920x1080,ZOWIE G-SR-SE Deep Blue,Wooting 60 HE,HyperX Cloud II
64,Attack All Around,ChAlalala,ZOWIE FK1,1000.0,400.0,0.6,240.0,1.0,ZOWIE XL2566K,1920x1080,Artisan Ninja FX Zero Soft,Razer BlackWidow Chroma V2,HyperX Cloud Alpha
65,M80,koalanoob,Logitech G Pro X Superlight Black,1000.0,850.0,0.304,258.4,1.013,,1920x1080,Artisan Ninja FX Zero Soft,HyperX Alloy FPS,HyperX Cloud Stinger II
66,M80,Zander,Logitech G Pro X Superlight Magenta,1000.0,1600.0,0.134,214.4,0.95,ZOWIE XL2566K,1920x1080,Artisan Ninja FX Zero XSoft,Wooting 60 HE,HyperX Cloud II Wireless
67,M80,BCJ,Glorious Model D- Wireless White,1000.0,800.0,0.37,296.0,1.0,ZOWIE XL2566K,1440x1080,ZOWIE G-SR-SE Rouge,Varmilo VA87M Summit,Sennheiser GAME ONE
68,ALTERNATE aTTaX,stavros,Logitech G Pro X Superlight White,1000.0,1600.0,0.19,304.0,1.0,ZOWIE XL2566K,1920x1080,HyperX Fury S Pro,Xtrfy K2 RGB,Beyerdynamic MMX 150
69,KPI Gaming,B1sk,Logitech G Pro X Superlight Black,1000.0,800.0,0.47,376.0,1.0,ZOWIE XL2566K,1920x1080,ZOWIE G-SR-SE Rouge,Varmilo VA87M Beijing Opera,HyperX Cloud Alpha S
70,Mandatory,HyP,Razer Deathadder V3 Pro White,4000.0,800.0,0.45,360.0,1.0,,1920x1080,,,
71,Mandatory,SoOn,VAXEE XE Wireless Black,1000.0,800.0,0.4,320.0,1.0,ZOWIE XL2540K,1280x960,Artisan Ninja FX Zero XSoft,Wooting 60 HE,Logitech G PRO X 2 Headset White
72,RED Canids,gtnziN,Logitech G Pro X Superlight Black,1000.0,400.0,0.58,232.0,1.0,AOC G2460PF,1680x1050,ESPTIGER LongTeng,Razer Blackwidow Chroma TE V2,HyperX Cloud Alpha
73,RED Canids,DeNaro,Razer Viper Ultimate,1000.0,400.0,0.52,208.0,1.0,Acer Predator XB252Q,1920x1080,Razer Gigantus,HyperX Alloy FPS,
74,Unicorns of Love,nico,Logitech G Pro X Superlight Black,1000.0,400.0,0.4,160.0,1.0,Alienware AW2518H,1280x1024,Glorious 3XL,Logitech G Pro X Keyboard,Logitech G Pro X Wireless Headset
75,SuperMassive Esports,Izzy,Logitech G Pro X Superlight Black,1000.0,400.0,0.506,202.4,0.852,ZOWIE XL2546,1920x1080,,Corsair K70 RGB,HyperX Cloud II
76,Made In Thailand,Kongared,Logitech G Pro X Superlight Red,1000.0,800.0,0.485,388.0,1.0,ZOWIE XL2546,1920x1080,Razer Gigantus,Razer Blackwidow Chroma TE V2,HyperX Cloud II
77,Made In Thailand,cgrs,VAXEE ZYGEN NP-01S Glossy,1000.0,400.0,0.66,264.0,1.0,,1280x1024,,,
78,FULL SENSE,LAMMYSNAX,Logitech G Pro X Superlight Black,1000.0,800.0,0.244,195.2,1.0,ZOWIE XL2566K,1920x1080,Lethal Gaming Gear Saturn Pro Red,Ducky One 3 Mini,Sennheiser GAME ZERO
79,FULL SENSE,JohnOlsen,Razer Viper V2 Pro Black,1000.0,800.0,0.37,296.0,1.0,ZOWIE XL2566K,1920x1080,Logitech G640 Black,Razer Huntsman V2,HyperX Cloud II
80,FULL SENSE,SuperBusS,ZOWIE EC1-CW,1000.0,800.0,0.29,232.0,1.0,ZOWIE XL2566K,1920x1080,ZOWIE G-SR-SE Rouge,Custom Keyboard,HyperX Cloud III Wireless
81,FULL SENSE,foxz,Razer Viper Mini Signature Edition,1000.0,1600.0,0.145,232.0,1.0,ZOWIE XL2546K,1920x1080,Artisan Ninja FX Zero XSoft,Custom Keyboard,HyperX Cloud II Pink
82,FULL SENSE,sushiboys,VAXEE ZYGEN NP-01S Wireless Pink,1000.0,800.0,0.37,296.0,0.9,ZOWIE XL2546K,1920x1080,ZOWIE G-SR,Glorious GMMK Pro,Logitech G Pro X Headset
83,FULL SENSE,PTC,Logitech G Pro X Superlight White,1000.0,800.0,0.3,240.0,1.0,ZOWIE XL2546,1920x1080,ZOWIE G-SR-SE Deep Blue,HyperX Alloy FPS,Logitech G Pro X Headset
84,NAOS Esports,witz,VAXEE OUTSET AX,1000.0,800.0,0.41,328.0,,ZOWIE XL2546K,,Corsair MM350 Champion Series,Corsair K70 RGB TKL,
85,Team Secret,Te,VAXEE ZYGEN NP-01,1000.0,450.0,0.44,198.0,1.0,ZOWIE XL2546,1920x1080,Corsair MM350 Champion Series,SteelSeries Apex Pro TKL,
86,Team Secret,BORKUM,ZOWIE EC3-C,1000.0,400.0,0.65,260.0,1.0,ZOWIE XL2546K,1920x1080,Corsair MM350 Champion Series,Corsair K70 RGB TKL,Corsair HS80 RGB USB
87,Team Secret,JessieVash,Glorious Model D Wireless,1000.0,800.0,0.42,336.0,0.91,ZOWIE XL2546K,1920x1080,Corsair MM350 Champion Series,Corsair K70 RGB TKL,Corsair HS80
88,Team Secret,DubsteP,Finalmouse Starlight-12 Phantom,1000.0,800.0,0.47,376.0,1.15,ZOWIE XL2546K,1920x1080,Corsair MM350 Champion Series,Corsair K70 RGB TKL,Corsair HS80 Wireless
89,FENNEL,Xdll,Logitech G Pro X Superlight Black,1000.0,800.0,0.285,228.0,1.0,ZOWIE XL2546K,1920x1080,SteelSeries QcK Edge,,
90,KOI,starxo,Logitech G Pro X Superlight Black,1000.0,800.0,0.39,312.0,1.0,ASUS ROG STRIX XG248Q,1280x1024,Xtrfy GP4 Street Blue,Logitech G Pro X Keyboard,HyperX Cloud II
91,KOI,trexx,Logitech G Pro X Superlight Magenta,1000.0,800.0,0.226,180.8,1.0,ZOWIE XL2546K,1920x1080,VAXEE PA ZYGEN,Anne Pro 2,HyperX Cloud Alpha S
92,KOI,Sheydos,Logitech G Pro X Superlight Red,1000.0,400.0,0.83,332.0,1.1,ZOWIE XL2546K,1280x960,Razer Gigantus V2,Logitech G Pro X Keyboard,Logitech G Pro X Headset
93,KOI,koldamenta,Razer Deathadder V3 Pro White,1000.0,800.0,0.3,240.0,1.0,ASUS ROG XG258Q,1440x900,Logitech G640 Original,Logitech G512,Logitech G Pro X Headset
94,KOI,ShadoW,Finalmouse Ultralight 2,1000.0,400.0,0.408,163.2,1.0,ZOWIE XL2546,1920x1080,SteelSeries QcK+,Logitech G Pro X Keyboard,Logitech G Pro X Headset
95,KOI,UNFAKE,Logitech G Pro X Superlight Black,1000.0,800.0,0.3,240.0,1.0,ZOWIE XL2566K,1920x1080,Artisan Ninja FX Zero Soft,,HyperX Cloud II
96,G2 Gozen,mimi,Logitech G Pro X Superlight Magenta,1000.0,800.0,0.365,292.0,1.0,AOC AG254FG,1440x900,Logitech G640 Original,Logitech G512,Logitech G Pro X Wireless Headset
97,Karmine Corp,Nivera,Razer Deathadder V3 Pro White,1000.0,800.0,0.17300000000000001,138.4,1.0,Alienware AW2521H,1280x960,Corsair MM350 Champion Series,Corsair K70 RGB,Corsair HS80
98,Karmine Corp,xms,Razer Deathadder V3 Pro White,4000.0,800.0,0.45,360.0,1.0,ZOWIE XL2540,1920x1080,Logitech G640 Original,Ducky One 2,HyperX Cloud II
99,Karmine Corp,ScreaM,Finalmouse Classic Ergo 2,500.0,400.0,0.7859999999999999,314.4,1.0,Alienware AW2521H,1920x1080,SteelSeries QcK Heavy,Logitech G915 TKL,Logitech G Pro X Headset
100,Talon Esports,Crws,Razer Deathadder V3 Pro Black,1000.0,1600.0,0.15,240.0,1.0,ZOWIE XL2546K,1280x960,ZOWIE G-SR,Custom Keyboard,Razer BlackShark V2 Pro
101,Talon Esports,Patiphan,Endgame Gear XM1R,1000.0,800.0,0.7,560.0,0.92,ZOWIE XL2546,1920x1080,Yuki Aim Oni Black,Custom Keyboard,Sennheiser GAME ZERO
102,Talon Esports,JitBoyS,Logitech G Pro X Superlight Black,1000.0,800.0,0.5,400.0,1.0,ZOWIE XL2546K,1920x1080,Artisan Hayate Otsu XSoft,Logitech G915 TKL,HyperX Cloud II
103,Talon Esports,governor,Logitech G Pro X Superlight Black,1000.0,1200.0,0.337,404.4,1.0,ZOWIE XL2740,1920x1080,,Ducky One 3 Mini,beyerdynamic DT 990 Pro
104,Global Esports,Bazzi,Logitech G Pro X Superlight Black,1000.0,1600.0,0.17,272.0,0.75,Alienware AW2518H,1920x1080,HyperX Fury S Pro XL,Logitech G Pro X Keyboard,SteelSeries Arctis Pro Wireless
105,Global Esports,Benkai,Logitech G Pro X Superlight Magenta,1000.0,800.0,0.25,200.0,0.7,ZOWIE XL2566K,1280x960,Artisan FX Hien Soft,Ducky One 2 Mini,EPOS H6PRO White
106,Global Esports,Russ,Logitech G Pro X Superlight Black,1000.0,800.0,0.38,304.0,1.0,ZOWIE XL2546K,1600x900,X-raypad Aqua Control+,HyperX Alloy Origins 60,HyperX Cloud II
107,Fokus Clan,Kuba,Logitech G Pro X Superlight White,1000.0,400.0,0.55,220.0,1.0,ZOWIE XL2546K,1920x1080,Artisan Ninja FX Zero XSoft,Wooting 60 HE,JBL Quantum One
108,Fokus Clan,JUGi,Razer Deathadder V3 Pro Black,1000.0,700.0,0.251,175.7,1.0,ZOWIE XL2546,,ZOWIE G-SR,SteelSeries Apex M500,Sennheiser GAME ZERO
109,Fokus Clan,al0rante,Razer Viper Mini Signature Edition,4000.0,800.0,0.175,140.0,1.0,ZOWIE XL2546K,1920x1080,Razer Gigantus V2,Razer Huntsman V2 TKL,Razer BlackShark V2
110,CGN Esports,azury,Razer Viper V2 Pro White,1000.0,1600.0,0.1,160.0,1.1,ZOWIE XL2566K,1920x1080,Razer Gigantus Elite,Razer Huntsman V3 Pro TKL,Razer BlackShark V2 Pro White
111,CGN Esports,BennY,Razer Viper Mini Signature Edition,4000.0,800.0,0.315,252.0,1.0,ZOWIE XL2566K,1920x1080,Razer Gigantus Elite,Razer Huntsman V3 Pro TKL,Razer BlackShark V2 Pro White
112,CGN Esports,elllement,Razer Viper Mini Signature Edition,1000.0,1600.0,0.22,352.0,1.0,ZOWIE XL2566K,1920x1080,Razer Strider,Razer Huntsman V3 Pro TKL,Razer BlackShark V2 Pro White
113,CGN Esports,DaviH,Razer Viper Mini Signature Edition,1000.0,800.0,0.28,224.0,1.14,ZOWIE XL2566K,1680x1050,Razer Strider,Razer Huntsman V3 Pro Mini,Razer BlackShark V2 Pro White
114,CGN Esports,Vince,Razer Viper V2 Pro White,1000.0,800.0,0.23,184.0,1.0,ZOWIE XL2566K,1920x1080,Razer Atlas,Razer Huntsman V3 Pro TKL,Razer BlackShark V2 Pro White
115,KRÜ Esports,Melser,Logitech G Pro X Superlight Magenta,1000.0,400.0,0.56,224.0,1.0,Alienware AW2521H,1920x1080,Lethal Gaming Gear Saturn,Ducky One 2,Logitech G Pro X Headset
116,KRÜ Esports,Klaus,Logitech G Pro X Superlight Magenta,1000.0,1600.0,0.36,576.0,1.1440000000000001,ZOWIE XL2546K,1920x1080,VAXEE PA Black,Razer Huntsman TE,Logitech G Pro X Wireless Headset
117,KRÜ Esports,NagZet,ZOWIE EC2-CW,1000.0,400.0,0.58,232.0,1.0,ZOWIE XL2546K,1920x1080,VAXEE PA FunSpark V2,Logitech G915 TKL,HyperX Cloud Flight
118,KRÜ Esports,Shyy,Razer Viper V2 Pro Black,1000.0,800.0,0.32,256.0,1.0,,1920x1080,Razer Gigantus V2,Razer Huntsman V2 TKL,Razer BlackShark V2 Pro
119,KRÜ Esports,keznit,Logitech G Pro X Superlight Black,1000.0,800.0,0.34600000000000003,276.8,1.0,ZOWIE XL2546K,1920x1080,Lethal Gaming Gear Saturn Pro,Wooting 60 HE,HyperX Cloud II Wireless
120,Turtle Troop,Moose,Razer Deathadder V3 Pro White,1000.0,800.0,0.33,264.0,1.0,ZOWIE XL2546,1280x960,SteelSeries QcK Heavy,Logitech G915 TKL,HyperX Cloud II Wireless
121,Dplus KIA,exy,Logitech G Pro X Superlight Black,1000.0,400.0,0.503,201.0,1.0,ZOWIE XL2546K,1920x1080,SteelSeries QcK Heavy,Logitech G Pro X Keyboard,Logitech G433
122,Shopify Rebellion,v1c,Logitech G Pro X Superlight White,1000.0,800.0,0.196,156.8,1.0,ZOWIE XL2546K,1920x1080,SteelSeries QcK Heavy,Corsair K63,HyperX Cloud II Wireless
123,Shopify Rebellion,florescent,G-Wolves HTX 4K,1000.0,1600.0,0.175,280.0,0.722,ZOWIE XL2566K,1920x1080,Lethal Gaming Gear Saturn Pro Red,Wooting 60 HE,HyperX Cloud II
124,Team RA’AD,Shniider,Razer Deathadder V3 Pro Black,1000.0,400.0,0.6,240.0,1.0,ZOWIE XL2546K,1280x1024,Artisan FX Hien Soft,Ducky One 2 Mini,
125,Team RA’AD,phaze,Razer Deathadder V3 Pro Black,4000.0,800.0,0.4,320.0,1.1,ZOWIE XL2546K,1280x960,Artisan Ninja FX Zero Soft,Razer Huntsman V3 Pro TKL,Razer BlackShark V2 Pro
126,Leviatan,kiNgg,Logitech G Pro X Superlight Black,1000.0,800.0,0.27,216.0,1.0,ASUS TUF VG258QM,1920x1080,Lethal Gaming Gear Saturn,Razer Huntsman V2 TKL,Razer BlackShark V2 Pro
127,Leviatan,Mazino,Logitech G Pro X Superlight Black,1000.0,1600.0,0.185,296.0,1.0,ZOWIE XL2546K,1920x1080,Artisan Ninja FX Zero Soft,Razer BlackWidow V3 TKL,HyperX Cloud Flight
128,Leviatan,tex,Logitech G Pro X Superlight 2 Black,,800.0,0.32,256.0,1.3,ASUS VG248QE,1280x960,Artisan Ninja FX Zero XSoft,Logitech G Pro X Keyboard,HyperX Cloud II
129,Leviatan,aspas,Logitech G Pro X Superlight 2 Magenta,1000.0,800.0,0.4,320.0,1.2,ZOWIE XL2566K,1920x1080,VAXEE PA Pcute,Wooting 60 HE,HyperX Cloud II
130,Leviatan,nzr,VAXEE OUTSET AX Wireless Blue,1000.0,800.0,0.45,360.0,1.0,AOC G2460PF,1920x1080,VAXEE PA PRIZM,HyperX Alloy Origins,HyperX Cloud II
131,Case Esports,Yurii,Logitech G Pro X Superlight Black,1000.0,800.0,0.3,240.0,1.0,ZOWIE XL2566K,1920x1080,,,HyperX Cloud II
132,Case Esports,Kiles,Logitech G Pro X Superlight Black,1000.0,800.0,0.431,344.8,1.0,ZOWIE XL2540,1280x960,VAXEE PA ZYGEN,Logitech G Pro X Keyboard,Logitech G Pro X Headset
133,Case Esports,H1ber,Logitech G Pro X Superlight Black,1000.0,400.0,0.67,268.0,1.0,ZOWIE XL2566K,1440x1080,Logitech G640 Original,Logitech G Pro Keyboard,HyperX Cloud II
134,Case Esports,paTiTek,Logitech G Pro X Superlight Black,1000.0,400.0,0.82,328.0,1.0,AOC AG251FZ2E,1920x1080,Logitech G640 Original,Logitech G Pro X Keyboard,Logitech G Pro X Headset
135,Edward Gaming,Smoggy,Logitech G Pro X Superlight 2 Black,,800.0,0.34,272.0,3.0,ZOWIE XL2566K,1920x1080,Artisan Ninja FX Zero Soft,Wooting 60 HE,HyperX Cloud II
136,Edward Gaming,Haodong,VAXEE ZYGEN NP-01S Wireless Blue,1000.0,400.0,0.69,276.0,1.0,ZOWIE XL2566K,,Odin Gaming Infinity V2,NIZ Mini 84 PRO V2,
137,Edward Gaming,CHICHOO,G-Wolves Hati S+ 4K,4000.0,1600.0,0.105,168.0,1.0,ZOWIE XL2566K,1280x960,Artisan Ninja FX Zero XSoft Orange,Wooting 60 HE,
138,Edward Gaming,nobody,VAXEE OUTSET AX Wireless Black,1000.0,800.0,0.278,222.4,1.0,ZOWIE XL2566K,1280x960,Artisan Ninja FX Zero XSoft Orange,Razer Huntsman V2 TKL,
139,Edward Gaming,ZmjjKK,Razer Viper Mini Signature Edition,2000.0,800.0,0.4,320.0,1.0,ZOWIE XL2566K,1280x960,Artisan FX Hien Mid,Razer Blackwidow V4,HyperX Cloud III
140,ZETA DIVISION,TENNN,Logitech G Pro X Superlight Red,1000.0,400.0,0.46,184.0,1.0,ZOWIE XL2566K,1280x960,VAXEE PA FunSpark V2,Wooting 60 HE,Logitech G Pro X Headset
141,ZETA DIVISION,Laz,VAXEE ZYGEN NP-01S Wireless Black,1000.0,800.0,0.34,272.0,0.8,ZOWIE XL2566K,1920x1080,Artisan Raiden FX Mid,ZENAIM Keyboard,Logitech G Pro X Wireless Headset
142,ZETA DIVISION,SugarZ3ro,Razer Deathadder V3 Pro Black,1000.0,800.0,0.27,216.0,0.9,ZOWIE XL2566K,1280x960,Pulsar ES2 Bruce Lee Edition Black,Wooting 60 HE,Logitech G Pro X Headset
143,ZETA DIVISION,Dep,VAXEE XE Black,1000.0,1600.0,0.14,224.0,1.0,ZOWIE XL2566K,1680x1050,Pulsar ES2 Bruce Lee Edition Black,Logitech G915 TKL White,Logitech G Pro X Headset
144,LOUD,Saadhak,Logitech G703,1000.0,1600.0,0.23,368.0,1.0,ZOWIE XL2566K,1920x1080,VAXEE PA Y22,Ducky ONE 3 Daybreak VAXEE Version,HyperX Cloud II
145,LOUD,tuyz,Logitech G Pro X Superlight Black,1000.0,800.0,0.32,256.0,1.0,ZOWIE XL2566K,1920x1080,Artisan Ninja FX Zero XSoft Orange,Wooting 60 HE,HyperX Cloud II
146,LOUD,cauanzin,Razer Deathadder V3 Pro White,1000.0,800.0,0.25,200.0,0.77,ZOWIE XL2566K,1920x1080,Logitech G640 Original,Logitech G Pro X Keyboard,HyperX Cloud II
147,LOUD,Less,VAXEE XE Wireless Black,1000.0,800.0,0.32,256.0,1.0,ZOWIE XL2566K,1920x1080,Lethal Gaming Gear Saturn Pro,Wooting 60 HE,HyperX Cloud II
148,LOUD,qck,Logitech G Pro X Superlight White,1000.0,800.0,0.22,176.0,1.0,ZOWIE XL2566K,1920x1080,SkyPAD 3.0,Razer Huntsman V2,HyperX Cloud II
149,DRX,Lothar,Logitech G Pro Wireless,1000.0,1600.0,0.2,320.0,1.0,AOC AG251FZ,1920x1080,Logitech G840,Logitech G915 TKL,Logitech G Pro X Headset
150,DRX,Foxy9,Razer Viper V3 Hyperspeed,1000.0,800.0,0.39299999999999996,314.4,1.0,ZOWIE XL2566K,1920x1080,Artisan Ninja FX Zero Soft,Razer Huntsman V3 Pro TKL,Razer BlackShark V2 Pro
151,DRX,MaKo,Razer DeathAdder V3 Pro Faker Edition,1000.0,400.0,0.45,180.0,1.0,ZOWIE XL2546S,1920x1080,SteelSeries QcK Heavy,Razer Huntsman V3 Pro,Razer BlackShark V2 Pro
152,DRX,fiveK,Logitech G Pro X Superlight Black,1000.0,400.0,0.485,194.0,0.76,ZOWIE XL2546K,1440x1080,SteelSeries QcK Heavy,HyperX Alloy FPS Pro,
153,DRX,stax,Razer DeathAdder V3 Pro Faker Edition,1000.0,400.0,0.42,168.0,0.9,ZOWIE XL2546S,1920x1080,Artisan Ninja FX Zero Soft,Wooting 60 HE,Razer BlackShark V2 Pro
154,DRX,BuZz,Razer Viper V3 Hyperspeed,1000.0,400.0,0.57,228.0,0.8,ZOWIE XL2546K,1280x960,Xraypad Aqua Control II White,Wooting 60 HE,Razer BlackShark V2 Pro
155,DRX,Zest,Razer Viper V3 Hyperspeed,1000.0,400.0,0.56,224.0,1.0,ZOWIE XL2546K,1920x1080,ZOWIE G-SR,Wooting 60 HE,Razer BlackShark V2 Pro
156,Giants,nukkye,VAXEE XE Wireless Black,1000.0,1600.0,0.175,176.0,1.0,ZOWIE XL2566K,1920x1080,Logitech G640 Original,Logitech G Pro X Keyboard,Logitech G Pro X Headset
157,Giants,hoody,VAXEE XE Wireless Blue,1000.0,400.0,0.628,251.2,1.0,ZOWIE XL2566K,1920x1080,Logitech G640 Original,,Logitech G Pro X Headset
158,Giants,Fit1nho,Logitech G Pro X Superlight Black,1000.0,800.0,0.314,251.2,,ZOWIE XL2566K,1920x1080,Lethal Gaming Gear Saturn Pro Red,Wooting 60 HE,HyperX Cloud II
159,Giants,Cloud,Logitech G Pro X Superlight Black,1000.0,800.0,0.35,280.0,1.0,ZOWIE XL2566K,1920x1080,VAXEE PA FunSpark V2,Wooting 60 HE,HyperX Cloud II Pink
160,Giants,Redgar,Logitech G Pro X Superlight White,1000.0,800.0,0.27,216.0,1.0,ZOWIE XL2546K,1920x1080,ZOWIE G-SR-SE Deep Blue,Logitech G Pro X Keyboard,Logitech G Pro X Headset
161,Gentle Mates,LOGAN,ZOWIE FK1,1000.0,400.0,0.534,213.6,1.0,ZOWIE XL2411T,,ZOWIE G-SR,SteelSeries Apex M500,HyperX Cloud II
162,Diamant Esports,Felix,Logitech G Pro X Superlight Black,1000.0,800.0,0.34,272.0,0.71,ZOWIE XL2566K,1920x1080,Artisan Ninja FX Zero XSoft,Wooting 60 HE,Logitech G Pro Headset
163,DetonatioN Gaming,Suggest,Logitech G Pro X Superlight Magenta,1000.0,1600.0,0.15,240.0,1.0,Alienware AW2518H,1280x960,XTEN Control,Logitech G915,Logitech G Pro X Headset
164,DetonatioN Gaming,takej,ZOWIE EC2-CW,1000.0,1600.0,0.15,240.0,0.85,ZOWIE XL2546S,1280x960,SteelSeries QcK Heavy,Logitech G713,Logitech G Pro X Headset
165,IGZIST,allow,Logitech G Pro X Superlight White,1000.0,800.0,0.23399999999999999,187.0,1.0,ZOWIE XL2546,1920x1080,SteelSeries QcK Heavy,Logitech G Pro X Keyboard,Logitech G Pro X Headset
166,Evil Geniuses,Boostio,FinalMouse Starlight Pro,1000.0,800.0,0.233,186.4,1.0,LG ULTRAGEAR 27GN750-B,1920x1080,ZOWIE G-SR-SE Rouge,Vortex Pok3r RGB,HyperX Cloud II
167,Evil Geniuses,C0M,Logitech G Pro X Superlight White,1000.0,800.0,0.25,200.0,0.9,ZOWIE XL2546,1440x1080,Gamesense RUSH,Wooting 60 HE,HyperX Cloud II
168,Evil Geniuses,Ethan,SteelSeries Prime,1000.0,400.0,0.69,240.0,0.81,ZOWIE XL2540,1440x1080,Lethal Gaming Gear Saturn,Wooting 60 HE,HyperX Cloud II
169,Evil Geniuses,jawgemo,ZOWIE EC3-CW,1000.0,1600.0,0.22,352.0,1.0,Alienware AW2521HF,1920x1080,Lethal Gaming Gear Saturn,Wooting 60 HE,beyerdynamic DT 990 Pro
170,Evil Geniuses,Demon1,Razer Viper Mini Signature Edition,8000.0,1600.0,0.1,160.0,1.0,ZOWIE XL2566K,1920x1080,ZOWIE G-SR-SE Rouge,Wooting 60 HE,HyperX Cloud II
171,Bleed eSports,Crazyface,ASUS ROG Harpe Ace,1000.0,400.0,0.785,314.0,1.0,ZOWIE XL2566K,1920x1080,ASUS ROG Hone Ace Aim Lab,ASUS ROG Falchion Ace,ASUS ROG Fusion II 500
172,Bleed eSports,yay,Logitech G Pro X Superlight Black,1000.0,800.0,0.27,216.0,1.0,ZOWIE XL2566K,1920x1080,Artisan Hayate Otsu XSoft,Wooting 60 HE,HyperX Cloud II
173,Bleed eSports,sScary,Logitech G Pro X Superlight Black,1000.0,800.0,0.38,304.0,1.1,ZOWIE XL2566K,1920x1080,Artisan Ninja FX Zero XSoft,Logitech G Pro X Keyboard,HyperX Cloud Alpha S
174,BBL Esports,Brave,Endgame Gear XM2we,1000.0,400.0,0.85,340.0,1.0,ZOWIE XL2546K,1920x1080,SteelSeries QcK+,Logitech G Pro X Keyboard,Logitech G Pro X Headset
175,BBL Esports,aimdll,Razer Deathadder V3 Pro Black,1000.0,400.0,0.49,196.0,1.0,ZOWIE XL2546K,1280x960,ZOWIE G-SR,Razer BlackWidow Elite,HyperX Cloud II
176,BBL Esports,AsLanM4shadoW,Logitech G Pro X Superlight Red,1000.0,400.0,0.45,180.0,0.9,ZOWIE XL2546,1920x1080,SteelSeries QcK Large,Razer BlackWidow X Chroma Mercury,HyperX Cloud II
177,BBL Esports,pAura,Logitech G Pro X Superlight Black,1000.0,400.0,0.6,240.0,1.0,ZOWIE XL2546,1920x1080,SteelSeries QcK+,HyperX Alloy FPS Pro,HyperX Cloud II
178,T1,Carpe,Logitech G Pro Wireless,1000.0,900.0,0.23399999999999999,210.6,1.0,Lenovo Legion Y25-25,1920x1080,Logitech G640 Original,Custom Keyboard,Sennheiser GAME ZERO
179,T1,k1Ng,ZOWIE EC2-CW,1000.0,400.0,0.41,164.0,0.9,ZOWIE XL2546S,1280x960,VAXEE PA Winter22,Corsair K70 RGB,HyperX Cloud II
180,T1,xeta,Logitech G Pro X Superlight Red,1000.0,400.0,0.58,231.0,0.85,ZOWIE XL2546,1920x1080,HyperX Fury S Pro,HyperX Alloy FPS Pro,Sennheiser GAME ZERO
181,T1,Rossy,Razer DeathAdder V3 Pro Faker Edition,1000.0,800.0,0.35,280.0,1.0,ASUS TUF VG279QM,1280x1024,Artisan Ninja FX Zero XSoft,Custom Keyboard,Logitech G Pro X Headset
182,T1,xccurate,Logitech G Pro X Superlight 2 Black,2000.0,400.0,0.97,388.0,1.0,ZOWIE XL2546,1280x960,Zowie G-SR II,Logitech G Pro X Keyboard,Logitech G PRO X 2 Headset White
183,T1,Sayaplayer,Razer Viper Mini Signature Edition,1000.0,1000.0,0.33899999999999997,339.0,0.9,ZOWIE XL2546K,1920x1080,ZOWIE G-SR-SE Gris,Wooting 60 HE,HyperX Cloud II Wireless
184,Team Heretics,Boo,Razer Viper V2 Pro Black,1000.0,400.0,0.75,300.0,1.0,ZOWIE XL2546,1280x960,Steelseries QcK Prism Cloth 3XL,Corsair K65 RGB MINI 60%,HyperX Cloud II Wireless
185,Team Heretics,keloqz,Logitech G Pro X Superlight Black,1000.0,400.0,0.44,176.0,1.0,ZOWIE XL2546K,1920x1080,Logitech G640 Original,Logitech G Pro X Keyboard,Logitech G Pro X Wireless Headset
186,Team Heretics,SirMaza,Logitech G Pro X Superlight Black,1000.0,400.0,0.5,200.0,1.0,ASUS TUF VG259QM,1920x1080,ZOWIE G-SR,SteelSeries Apex Pro TKL (2023),JBL Quantum One
187,Team Heretics,benjyfishy,Logitech G Pro X Superlight Black,1000.0,800.0,0.28300000000000003,226.4,1.0,HP OMEN 24.5″,1280x960,GameSense Radar Benjyfishy,Wooting 60 HE,beyerdynamic DT 700 PRO X
188,NRG,ethos,G-Wolves Hati S+ 4K,1000.0,400.0,0.69,276.0,0.69,ZOWIE XL2546,1920x1080,VAXEE PA ZYGEN,Custom Keyboard,HyperX Cloud II
189,NRG,crashies,Logitech G Pro Wireless,1000.0,800.0,0.23,184.0,0.875,ZOWIE XL2546,1920x1080,Razer Strider,Wooting 60 HE,Razer BlackShark V2
190,NRG,Victor,Logitech G Pro X Superlight Black,1000.0,800.0,0.275,220.0,1.0,ZOWIE XL2566K,1920x1080,Artisan Ninja FX Zero Soft,Wooting 60 HE,Razer BlackShark V2
191,TSM,Subroza,Logitech G Pro X Superlight Black,1000.0,800.0,0.27699999999999997,221.6,1.0,ZOWIE XL2566K,1920x1080,Logitech G640 Original,Logitech G Pro X Keyboard,Logitech G Pro X Headset
192,Gen.G,Meteor,Logitech G Pro X Superlight Black,1000.0,800.0,0.4,320.0,1.3,ZOWIE XL2546S,1920x1080,Artisan Hayate Otsu Soft,Razer Huntsman V2 TKL,HyperX Cloud II
193,Gen.G,t3xture,Logitech G Pro X Superlight 2 Magenta,1000.0,800.0,0.45,360.0,1.0,ZOWIE XL2546K,1920x1080,SteelSeries QcK+,Corsair K70 RGB TKL,
194,Gen.G,Lakia,ZOWIE EC3-C,1000.0,800.0,0.33,266.4,1.0,ZOWIE XL2546,1920x1080,SteelSeries QcK Heavy,Razer Huntsman V2 TKL,HyperX Cloud Alpha
195,Gen.G,Munchkin,Razer Viper V3 Hyperspeed,1000.0,800.0,0.35,280.0,1.0,ZOWIE XL2546K,1440x1080,X-raypad Equate,Razer Huntsman V3 Pro TKL,Sennheiser GAME ONE
196,Sentinels,Sacy,Logitech G Pro X Superlight Red,1000.0,800.0,0.32,256.0,1.0,ZOWIE XL2546,1920x1080,ZOWIE G-SR-SE Gris,Wooting 60 HE,Logitech G Pro X Headset
197,Sentinels,Zekken,Logitech G Pro X Superlight Magenta,1000.0,1600.0,0.175,280.0,0.8,ZOWIE XL2546,1920x1080,Kurosun Ninja Speed,Wooting 60 HE,HyperX Cloud II
198,Sentinels,SicK,Logitech G900,1000.0,800.0,0.235,188.0,1.0,ZOWIE XL2546,1920x1080,Logitech G640 Original,HyperX Alloy FPS Pro,HyperX Cloud II
199,Sentinels,zombs,Logitech G Pro X Superlight Black,1000.0,400.0,0.54,216.0,1.0,ZOWIE XL2540,1920x1080,Logitech G640 Original,Gamesense Clutch,HyperX Cloud II
200,Sentinels,Zellsis,Logitech G Pro X Superlight Black,1000.0,800.0,0.215,172.0,0.82,ZOWIE XL2566K,1920x1080,ZOWIE G-SR-SE Rouge,Custom Keyboard,Sennheiser GAME ZERO
201,Sentinels,pANcada,Logitech G Pro X Superlight Magenta,1000.0,800.0,0.28,224.0,1.0,ZOWIE XL2546,1920x1080,ZOWIE G-SR-SE Gris,Wooting 60 HE,Logitech G735
202,Sentinels,tarik,Finalmouse Ultralight X Medium,1000.0,800.0,0.47100000000000003,376.8,1.0,ZOWIE XL2566K,1680x1050,Artisan Ninja FX Zero Soft,Wooting 60 HE,beyerdynamic DT 770 Pro
203,Sentinels,TenZ,Endgame Gear XM2we,1000.0,1600.0,0.17300000000000001,276.8,1.1,ZOWIE XL2566K,1920x1080,Zowie G-SR II,Wooting 60 HE,Xtrfy H1
204,Paper Rex,something,Logitech G Pro X Superlight 2 White,2000.0,800.0,0.7,560.0,1.0,ZOWIE XL2566K,1920x1080,Yuki Aim Oni Black,Yuki Aim 65% Keyboard,HyperX Cloud III
205,Paper Rex,mindfreak,VAXEE ZYGEN NP-01S Wireless Orange,1000.0,400.0,0.6,240.0,0.9,ZOWIE XL2566K,1920x1080,VAXEE PA FunSpark V2,Wooting 60 HE,
206,Paper Rex,f0rsakeN,Logitech G Pro X Superlight 2 Black,2000.0,800.0,0.7120000000000001,569.6,1.0,ZOWIE XL2566K,1920x1080,Artisan Ninja FX Zero Soft,Wooting 60 HE,HyperX Cloud III
207,Paper Rex,Monyet,ZOWIE S2-C,1000.0,400.0,0.632,252.8,1.0,ZOWIE XL2546K,1920x1080,Artisan Ninja FX Zero XSoft Orange,Ducky One 2 SF,HyperX Cloud II Pink
208,Paper Rex,d4v41,Logitech G Pro X Superlight Black,500.0,900.0,0.32,288.0,1.15,ZOWIE XL2566K,1280x1024,SteelSeries Dex,Wooting 60 HE,Razer Hammerhead Pro V2
209,Paper Rex,Jinggg,G-Wolves Hati S+ 4K,4000.0,1600.0,0.2,320.0,1.0,ZOWIE XL2566K,1280x960,Artisan Hayate Otsu Soft,Wooting 60 HE,HyperX Cloud II
210,Version1,effys,Logitech G Pro X Superlight Black,1000.0,400.0,0.45,180.0,1.0,ZOWIE XL2546K,1920x1080,Logitech G640 Original,Razer Huntsman Mini,HyperX Cloud II Wireless
211,100 Thieves,Thwifo,Logitech G Pro Wireless,1000.0,800.0,0.28,224.0,1.0,Alienware AW2521HF,1600x900,SteelSeries QcK+,SteelSeries Apex Pro TKL,Sennheiser GAME ONE
212,100 Thieves,Kyedae,Logitech G Pro X Superlight White,1000.0,1600.0,0.23,368.0,1.0,ZOWIE XL2540,1920x1080,ZOWIE G-SR-SE Gris,Custom Keyboard,Xtrfy H2
213,100 Thieves,Nadeshot,G-Wolves Hati S+ 4K,1000.0,800.0,0.35,280.0,1.0,ZOWIE XL2566K,1920x1080,Higround Performance Mousepad,Custom Keyboard,Sennheiser HD 600
214,100 Thieves,NaturE,Logitech G Pro X Superlight Black,1000.0,800.0,0.508,406.4,0.68,ASUS ROG SWIFT PG259QN,1920x1080,HyperX Fury S Pro,Logitech G915 TKL,
215,100 Thieves,eeiu,,1000.0,,,,1.0,ZOWIE XL2546,1920x1080,ZOWIE G-SR,,
216,100 Thieves,Asuna,Razer Deathadder V3 Pro White,1000.0,1400.0,0.26,364.0,0.7,ZOWIE XL2546K,1920x1080,Artisan Ninja FX Zero Soft,Custom Keyboard,HyperX Cloud II
217,100 Thieves,bang,Logitech G Pro X Superlight Black,1000.0,800.0,0.32,256.0,1.0,ZOWIE XL2566K,1920x1080,Artisan Ninja FX Zero Soft,Logitech G Pro Keyboard,Logitech G Pro X Headset
218,100 Thieves,Cryocells,Logitech G Pro X Superlight Magenta,1000.0,800.0,0.3,240.0,1.0,ZOWIE XL2546,1920x1080,Kurosun Ninja Speed,Wooting 60 HE,HyperX Cloud Stinger II
219,Top Esports,Sylvan,Logitech G Pro X Superlight White,1000.0,800.0,0.27,216.0,1.0,,,SteelSeries QcK Heavy,Logitech G Pro X Keyboard,ASTRO A50
220,Top Esports,eko,ZOWIE EC2-CW,1000.0,800.0,0.32,256.0,1.0,,,SteelSeries QcK Heavy,Logitech G Pro X Keyboard,Corsair Void RGB Elite White
221,NOEZ FOXX,Fisker,ZOWIE EC2-C,1000.0,800.0,0.35,280.0,1.0,Lenovo Legion Y25-25,1920x1080,VAXEE PA FunSpark,SteelSeries Apex Pro TKL,Logitech G Pro X Headset
222,V,Meddo,Logitech G Pro X Superlight Black,1000.0,800.0,0.25,200.0,1.0,ZOWIE XL2546,1920x1080,,,SteelSeries Arctis Pro White
223,GoNext Esports,Zeek,Logitech G Pro X Superlight Magenta,1000.0,1000.0,0.305,305.0,1.0,ZOWIE XL2546,1440x1080,Lethal Gaming Gear Venus,Logitech G Pro X Keyboard,Logitech G Pro X Headset
224,Nongshim RedForce,iNTRO,Razer Deathadder V3 Pro Black,1000.0,400.0,0.43200000000000005,172.8,1.0,ZOWIE XL2546K,1920x1080,ZOWIE G-SR,Corsair K65 Rapidfire,Sennheiser GSP 600
225,ODG Esports Club,GodDead,Logitech G Pro X Superlight Black,1000.0,400.0,0.691,276.0,1.0,ZOWIE XL2546S,1920x1080,SteelSeries QcK+,Varmilo VA87M Beijing Opera,HyperX Cloud Revolver S
226,ODG Esports Club,TS,Logitech G Pro X Superlight White,1000.0,400.0,0.583,233.0,1.0,ASUS ROG XG258Q,1920x1080,ZOWIE G-SR,Logitech G915 TKL,Logitech G Pro X Headset
227,Crest Gaming Zst,Moothie,Razer Viper V3 Hyperspeed,1000.0,400.0,0.45,180.0,0.7,ZOWIE XL2546,1920x1080,X-raypad Equate,HyperX Alloy Origins Core,
228,Dsyre,Filu,Razer Deathadder V3 Pro White,4000.0,800.0,0.285,228.0,1.0,ZOWIE XL2546K,1920x1080,Razer Gigantus V2,Razer Huntsman Mini,Razer BlackShark V2 Pro
229,Fire Flux Esports,qw1,ZOWIE EC2-CW,1000.0,400.0,0.69,276.0,1.0,ZOWIE XL2546K,1280x960,ESPTIGER LongTeng,Anne Pro 2,Logitech G Pro X Headset
230,Fire Flux Esports,Turko,Logitech G Pro X Superlight Black,1000.0,400.0,0.6,240.0,1.0,,1920x1080,HyperX Fury S Pro,HyperX Alloy FPS,HyperX Cloud II
231,Dragon Ranger Gaming,vo0kashu,Logitech G Pro X Superlight White,1000.0,800.0,0.21100000000000002,168.8,1.0,ZOWIE XL2546K,1280x960,SteelSeries QcK Heavy,Logitech G Pro Keyboard,Logitech G Pro X Headset
232,Free Agent,Rawkus,FinalMouse Starlight Pro,1000.0,800.0,0.4,320.0,1.0,ZOWIE XL2546,1920x1080,Artisan Ninja FX Zero XSoft,Ducky One 2 Mini,Sennheiser GAME ZERO
233,Free Agent,Cutler,Logitech G Pro X Superlight Black,1000.0,800.0,0.3,240.0,1.0,ZOWIE XL2546,1920x1080,Logitech G640 Original,Logitech G Pro X Keyboard,Logitech G Pro X Headset
234,Free Agent,delz1k,Logitech G Pro X Superlight Black,1000.0,400.0,0.72,288.0,1.0,ZOWIE XL2546K,1920x1080,VAXEE PA Black,HyperX Alloy FPS Pro,HyperX Cloud Flight
235,Free Agent,seb,Xtrfy M4 Miami Blue,1000.0,400.0,0.42,168.0,0.9,ZOWIE XL2540K,1920x1080,Artisan Ninja FX Zero Soft,SteelSeries Apex Pro TKL,Sennheiser GAME ONE
236,Free Agent,Luzuh,Logitech G Pro X Superlight Black,1000.0,400.0,0.541,216.0,1.0,ZOWIE XL2540,1280x960,Razer Gigantus V2,Razer Huntsman TE,Razer BlackShark V2
237,Free Agent,disk0,Logitech G Pro X Superlight Black,1000.0,400.0,0.525,210.0,1.0,Alienware AW2720HF,1920x1080,Logitech G640 Original,Logitech G Pro X Keyboard,Logitech G Pro X Headset
238,Free Agent,Texta,Logitech G Pro Gaming Mouse,1000.0,400.0,0.7,280.0,1.0,Alienware AW2521HF,1920x1080,Logitech G640 Original,Logitech G Pro X Keyboard,Logitech G Pro X Headset
239,Free Agent,BabyJ,Razer Deathadder V3 Pro Black,1000.0,400.0,0.46,184.0,0.9,ZOWIE XL2546,1920x1080,Artisan Ninja FX Zero Soft,Custom Keyboard,HyperX Cloud II
240,Free Agent,Zik,Razer Viper Mini,1000.0,400.0,0.628,251.0,1.0,ZOWIE XL2546,1920x1080,Razer Gigantus V2,Razer BlackWidow V3 Pro,Razer BlackShark V2 Pro
241,Free Agent,L1NK,VAXEE XE Wireless Black,1000.0,800.0,0.24,192.0,1.0,ZOWIE XL2566K,1920x1080,VAXEE PB,Wooting 60 HE,HyperX Cloud II
242,Free Agent,luckeRRR,Razer Viper 8KHz,8000.0,800.0,0.39,312.0,1.0,ZOWIE XL2546K,1920x1080,Razer Gigantus V2,Razer Huntsman V2 TKL,Razer BlackShark V2 Pro
243,Free Agent,Relyks,Logitech G Pro X Superlight Black,1000.0,400.0,0.79,316.0,1.0,ZOWIE XL2540,1920x1080,Artisan Hayate Otsu XSoft,HyperX Alloy FPS,HyperX Cloud II
244,Free Agent,ZexRow,Razer Viper V2 Pro Black,1000.0,800.0,0.314,251.2,1.0,ZOWIE XL2566K,1920x1080,Razer Strider,Razer Huntsman V2 TKL,Razer BlackShark V2
245,Free Agent,Drone,Logitech G Pro X Superlight Black,1000.0,800.0,0.34,251.2,1.0,ZOWIE XL2540,1920x1080,Logitech G640 Original,Logitech G Pro X Keyboard,Logitech G Pro X Headset
246,Free Agent,Will,Logitech G Pro X Superlight Black,1000.0,800.0,0.4,320.0,1.0,ZOWIE XL2546K,1920x1080,Artisan Ninja FX Zero Mid,Ducky One 2 TKL White,EPOS H6PRO White
247,Free Agent,SEIDER,Logitech G Pro X Superlight Black,1000.0,1600.0,0.15,240.0,1.0,,1280x960,Razer Gigantus V2,Razer Huntsman V2 TKL,Logitech G Pro X Wireless Headset
248,Free Agent,PROD,Logitech G Pro Wireless,1000.0,800.0,0.5,400.0,1.1,Alienware AW2518H,1920x1080,ZOWIE G-SR-SE Blue,Matrix x sinatraa Keyboard,HyperX Cloud II
249,Free Agent,v1xen,Logitech G Pro X Superlight Black,1000.0,800.0,0.45,360.0,1.0,AlienWare AW2518HF,,GIGABYTE AORUS AMP500,Cooler Master CK550 V2,HyperX Cloud Alpha
250,Free Agent,RECIDENT,FinalMouse Starlight-12,1000.0,800.0,0.25,200.0,,ZOWIE XL2546K,1920x1080,Razer Gigantus,Razer Huntsman TE,Razer BlackShark V2
251,Free Agent,GatsH,Razer Viper Ultimate,1000.0,400.0,0.4,160.0,1.0,ZOWIE XL2546K,1920x1080,Razer Gigantus V2,Razer BlackWidow V3 TKL,HyperX Cloud II
252,Free Agent,jannyXD,Razer Viper V2 Pro Black,1000.0,400.0,0.52,208.0,1.0,ZOWIE XL2546K,1280x768,Razer Gigantus V2,Razer BlackWidow V3 TKL,Razer BlackShark V2 Pro
253,Free Agent,N4RRATE,Logitech G Pro X Superlight Black,1000.0,1600.0,0.16,256.0,0.825,,1920x1080,SteelSeries QcK Heavy,SteelSeries Apex 9 TKL,
254,Free Agent,Ange,Razer Deathadder V3 Pro Black,1000.0,1600.0,0.14,224.0,1.0,,1920x1080,Razer Acari,Razer Huntsman Mini,Razer BlackShark V2 Pro
255,Free Agent,Trick,Razer Viper V2 Pro Black,1000.0,800.0,0.305,244.0,1.0,,1920x1080,Razer Acari,Razer Huntsman V2 TKL,Razer BlackShark V2 Pro
256,Free Agent,psalm,Logitech G Pro X Superlight Black,1000.0,800.0,0.34,272.0,1.0,ZOWIE XL2546K,1920x1080,Artisan FX Hien Soft,Custom Keyboard,
257,Free Agent,Yacine,Logitech G Pro Wireless,1000.0,800.0,0.25,200.0,1.0,ZOWIE XL2546,1920x1080,QPAD FX 50,Custom Keyboard,HyperX Cloud II
258,Free Agent,vice,Logitech G Pro Wireless,1000.0,800.0,0.245,196.0,1.0,ZOWIE XL2546,1280x960,HyperX Fury S Speed Edition,Logitech G915 TKL,HyperX Cloud Revolver S
259,Free Agent,ngiN,Razer Deathadder V3 Pro Black,1000.0,800.0,0.244,195.2,1.0,ZOWIE XL2566K,1920x1080,VAXEE PA Summer22,Razer BlackWidow V3 Pro,HyperX Cloud II
260,Free Agent,jonba,Logitech G Pro X Superlight Black,1000.0,800.0,0.27,216.0,1.0,ZOWIE XL2540,1680x1050,ZOWIE G-SR-SE Blue,Razer Huntsman Mini,HyperX Cloud Alpha
261,Free Agent,bucher,Logitech G Pro X Superlight Black,1000.0,800.0,0.22,176.0,1.0,ZOWIE XL2566K,1280x960,Razer Gigantus V2,Wooting 60 HE,Logitech G Pro X Headset
262,Free Agent,steel,Razer Deathadder V3 Pro Black,1000.0,800.0,0.45,360.0,1.0,ZOWIE XL2546,1920x1080,Razer Gigantus V2,Razer Huntsman V2 TKL,Razer BlackShark V2 Pro
263,Free Agent,Genghsta,Razer Deathadder V3 Pro White,1000.0,1600.0,0.115,184.0,1.0,ZOWIE XL2546,1920x1080,ZOWIE G-SR,HyperX Alloy FPS Pro,HyperX Cloud II
264,Free Agent,Doma,Logitech G Pro X Superlight Black,1000.0,800.0,0.35,280.0,0.75,ZOWIE XL2566K,1280x1024,VAXEE PA OUTSET,Razer BlackWidow V3 Pro,Logitech G Pro X Headset
265,Free Agent,AslaN,Razer Deathadder V3 Pro Black,1000.0,400.0,0.6,240.0,1.0,ZOWIE XL2546K,1920x1080,Corsair MM250,Corsair K65 TKL,Corsair HS80
266,Free Agent,penny,Logitech G Pro X Superlight Black,1000.0,800.0,0.35,280.0,1.0,,1920x1080,HyperX Fury S Pro,HyperX Alloy Elite,HyperX Cloud II
267,Free Agent,seven,Logitech G Pro X Superlight Black,1000.0,1600.0,0.25,400.0,1.0,Lenovo Legion Y25-25,1920x1080,Logitech G640 Original,,Logitech G Pro X Headset
268,Free Agent,Corey,Endgame Gear XM2we,1000.0,800.0,0.486,388.8,1.0,ZOWIE XL2546,1920x1080,Artisan Ninja FX Zero Soft,Wooting 60 HE,Logitech G Pro X Headset
269,Free Agent,stellar,Logitech G Pro X Superlight White,1000.0,800.0,0.3,240.0,1.0,ZOWIE XL2546,1280x960,ZOWIE G-SR-SE Deep Blue,Higround Basecamp 65,HyperX Cloud II
270,Free Agent,s0m,Logitech G Pro X Superlight Red,1000.0,400.0,0.8,320.0,1.0,ZOWIE XL2546,1920x1080,SteelSeries QcK Large,Logitech G915 TKL,HyperX Cloud Alpha
271,Free Agent,Surf,Logitech G Pro X Superlight Magenta,1000.0,1600.0,0.175,320.0,1.0,ZOWIE XL2546K,1920x1080,SteelSeries QcK Heavy,HyperX Alloy FPS,Logitech G PRO X 2 Headset Black
272,Free Agent,Tacolilla,Logitech G Pro X Superlight Black,1000.0,800.0,0.47,376.0,1.0,ZOWIE XL2546K,1680x1050,VAXEE PA P22,Razer Huntsman TE,Logitech G Pro X Headset
273,Free Agent,xand,VAXEE XE Wireless White,1000.0,1600.0,0.25,400.0,0.9,ZOWIE XL2546K,1920x1080,VAXEE PA FunSpark V2,EPOMAKER SKYLOONG KS61,HyperX Cloud Alpha
274,Free Agent,Reita,VAXEE ZYGEN NP-01S Wireless Black,1000.0,1600.0,0.15,240.0,0.9,ZOWIE XL2546,1280x960,SteelSeries QcK Heavy,Logitech G915 TKL,Logitech G Pro X Headset
275,Free Agent,d3ffo,VAXEE ZYGEN NP-01,1000.0,800.0,0.51,408.0,1.0,ZOWIE XL2546,1280x960,VAXEE PA ZYGEN,Logitech G Pro Keyboard,Sennheiser GAME ZERO
276,Free Agent,murizzz,Logitech G Pro X Superlight Black,1000.0,800.0,0.45,360.0,0.82,AlienWare AW2518HF,1920x1080,VAXEE PA Black,Logitech G Pro Keyboard,Logitech G Pro X Wireless Headset
277,Free Agent,dicey,Logitech G Pro X Superlight Magenta,1000.0,800.0,0.18,144.0,1.0,ZOWIE XL2546K,1920x1080,Yuki Aim Oni Black,Ducky One 2 Mini,Sennheiser GAME ONE
278,Free Agent,babybay,G-Wolves Hati S+ 4K,1000.0,800.0,0.2,160.0,1.0,ZOWIE XL2546,1920x1080,Lethal Gaming Gear Saturn,Logitech G Pro X Keyboard,HyperX Cloud Alpha
279,Free Agent,runi,Logitech G Pro X Superlight Black,1000.0,800.0,0.3,240.0,1.0,ZOWIE XL2566K,1920x1080,Artisan Ninja FX Zero Soft,,HyperX Cloud II
280,Free Agent,soulcas,G-Wolves Hati S+ 4K,4000.0,400.0,0.494,197.6,0.88,Alienware AW2521H,1920x1080,Endgame Gear EM-C Plus,Wooting 60 HE,HyperX Cloud II
281,Free Agent,dimasick,Razer Deathadder V3 Pro Black,1000.0,400.0,0.75,300.0,1.0,ZOWIE XL2546,1280x960,Artisan Ninja FX Zero Soft,Wooting 60 HE,HyperX Cloud Alpha
282,Free Agent,Magnum,Razer Viper V2 Pro Black,1000.0,400.0,0.45399999999999996,181.6,0.9,AOC C24G1,1280x1024,SteelSeries QcK+,Fnatic miniSTREAK,HyperX Cloud II
283,Free Agent,Esperanza,Logitech G Pro X Superlight Black,1000.0,800.0,0.32,256.0,1.0,ZOWIE XL2546,1920x1080,SteelSeries QcK Heavy,HyperX Alloy FPS,HyperX Cloud II
284,Free Agent,hype,Razer Deathadder V3 Pro Black,1000.0,400.0,0.55,220.0,1.0,ZOWIE XL2540,1920x1080,Razer Gigantus V2,Razer Huntsman V2 TKL,Razer BlackShark V2 Pro
285,Free Agent,ZachaREEE,FinalMouse Starlight-12,1000.0,800.0,0.52,416.0,1.0,ASUS ROG SWIFT PG258Q,1920x1080,ZOWIE G-SR-SE Deep Blue,Varmilo VA87M Summit,Sennheiser GAME ONE
286,Free Agent,FNS,Logitech G Pro Wireless,1000.0,400.0,0.55,220.0,1.0,ZOWIE XL2546,1920x1080,Artisan FX Hien XSoft,Wooting 60 HE,HyperX Cloud II
287,Free Agent,gMd,Logitech G Pro X Superlight Black,1000.0,800.0,0.45,360.0,0.85,ZOWIE XL2540,1920x1080,Logitech G640 Original,Logitech G Pro Keyboard,Logitech G Pro Headset
288,Free Agent,AYRIN,Razer Viper V2 Pro Black,1000.0,800.0,0.3,240.0,1.0,ZOWIE XL2566K,1920x1080,,,
289,Free Agent,iDex,Razer Deathadder V3 Pro Black,1000.0,800.0,0.35,280.0,1.0,Alienware AW2521H,1920x1080,ZOWIE G-SR-SE Blue,Ducky Miya Pro Sakura,HyperX Cloud Alpha
290,Free Agent,BraveAF,Logitech G Pro X Superlight Black,1000.0,400.0,0.785,314.0,1.0,ZOWIE XL2546K,1920x1080,SteelSeries QcK Heavy,Fnatic STREAK65 LP,Logitech G Pro X Headset
291,Free Agent,7ssk7,FinalMouse Starlight-12,1000.0,800.0,0.31,248.0,1.0,ASUS ROG SWIFT PG259QN,1600x900,Artisan Ninja FX Zero XSoft,Wooting 60 HE,Sennheiser GAME ZERO
292,Free Agent,Ambi,Logitech G Pro X Superlight White,1000.0,400.0,0.41,164.0,1.0,ZOWIE XL2566K,1920x1080,Artisan Ninja FX Zero XSoft,Corsair STRAFE,HyperX Cloud II
293,Free Agent,xanarchy,Razer Deathadder V3 Pro Black,1000.0,800.0,0.4325,346.0,0.7,ZOWIE XL2566K,1920x1080,VAXEE PA ZYGEN,Wooting 60 HE,Logitech G Pro X Headset
294,Free Agent,JoXJo,VAXEE OUTSET AX,1000.0,800.0,0.285,228.0,1.0,ZOWIE XL2546,,VAXEE PA ZYGEN,Corsair K70 RGB MK.2,
295,Free Agent,MOJJ,Logitech G Pro X Superlight Red,1000.0,400.0,0.6,240.0,1.0,ASUS ROG STRIX XG248Q,1920x1080,ZOWIE G-SR-SE Rouge,HyperX Alloy Origins,HyperX Cloud II
296,Free Agent,PoPiFresH,VAXEE OUTSET AX Funspark,1000.0,800.0,0.39,312.0,1.0,ZOWIE XL2566K,1920x1080,VAXEE PA FunSpark,Razer Huntsman Mini,HyperX Cloud II
297,Free Agent,lowel,Logitech G Pro X Superlight Black,1000.0,400.0,0.5660000000000001,226.4,1.0,ZOWIE XL2566K,1920x1080,Gamesense Radar,Razer Huntsman V2 TKL,Logitech G Pro X Wireless Headset
298,Free Agent,aproto,Razer Deathadder V3 Pro White,1000.0,800.0,0.29,232.0,1.0,ZOWIE XL2546K,1920x1080,SWIPE SP-FROST,Razer BlackWidow V3 TKL,HyperX Cloud II
299,Free Agent,AvovA,Logitech G Pro X Superlight Black,1000.0,800.0,0.33299999999999996,251.2,1.0,ZOWIE XL2546,1920x1080,Logitech G640 Original,Logitech G Pro X Keyboard,Logitech G Pro X Wireless Headset
300,Free Agent,dgzin,Logitech G Pro X Superlight 2 Black,1000.0,400.0,0.3,120.0,1.0,ZOWIE XL2546K,1280x768,Lethal Gaming Gear Saturn Pro,SteelSeries Apex Pro TKL (2023),
301,Free Agent,heat,VAXEE XE Black,1000.0,800.0,0.4,320.0,1.0,Alienware AW2521HF,,VAXEE PA Eggie,Logitech G Pro Keyboard,HyperX Cloud II
302,Free Agent,clear,Razer Viper V3 Hyperspeed,1000.0,1600.0,0.125,200.0,0.7,,1920x1080,Artisan Ninja FX Zero Soft,Custom Keyboard,beyerdynamic DT 770 Pro
303,Free Agent,ec1s,Logitech G Pro X Superlight Black,1000.0,800.0,0.314,251.2,1.0,ZOWIE XL2566K,1920x1080,Lethal Gaming Gear Saturn Pro,Logitech G Pro X Keyboard,HyperX Cloud II
304,Free Agent,derrek,Logitech G Pro X Superlight 2 Black,1000.0,800.0,0.36,288.0,0.9,ZOWIE XL2546K,1920x1080,ZOWIE G-SR-SE Rouge,Higround Basecamp 65,HyperX Cloud II
305,Free Agent,KRYPTIX,ZOWIE EC2-CW,1000.0,400.0,0.47100000000000003,188.4,0.8,ZOWIE XL2566K,1920x1080,Razer Gigantus V2,Razer Huntsman V3 Pro TKL,Razer BlackShark V2 Pro
306,Free Agent,Wardell,Logitech G Pro X Superlight Black,1000.0,400.0,0.691,260.8,1.15,ZOWIE XL2566K,1920x1080,Logitech G640 Original,Logitech G Pro X Keyboard,Logitech G Pro X Headset
307,Free Agent,Marved,Razer Viper V2 Pro White,1000.0,800.0,0.306,244.8,1.0,ZOWIE XL2566K,1920x1080,Artisan Hayate Otsu Soft,Wooting 60 HE,Razer BlackShark V2
308,Free Agent,Kanpeki,Lamzu Atlantis 4K,1000.0,800.0,0.32,256.0,1.0,ZOWIE XL2546 Divina Pink,1920x1080,Artisan Ninja FX Zero Soft,Custom Keyboard,Razer BlackShark V2 Pro
309,Free Agent,curry,ASUS ROG Harpe Ace,1000.0,1600.0,0.12,192.0,1.0,ZOWIE XL2566K,1920x1080,Artisan Ninja FX Zero XSoft,ASUS ROG Falchion Ace,Logitech G Pro X Headset
310,Free Agent,garnetS,Logitech G Pro X Superlight Red,1000.0,800.0,0.78,624.0,1.0,ZOWIE XL2546K,1920x1080,Artisan FX Hien Soft,Logitech G915 TKL White,HyperX Cloud II Gun Metal
311,Free Agent,Rb,Logitech G Pro X Superlight 2 Black,1000.0,800.0,0.35,280.0,1.0,ZOWIE XL2566K,1920x1080,Artisan Ninja FX Zero Soft,Wooting 60 HE,Razer BlackShark V2
312,Free Agent,neptuNo,Logitech G305,1000.0,800.0,0.3,240.0,1.0,ZOWIE XL2566K,1600x900,ZOWIE G-SR-SE Rouge,Ducky One 2 TKL,Logitech G Pro X Headset
313,Free Agent,jcStani,Lamzu Atlantis,,800.0,0.4,320.0,1.0,,1920x1080,Logitech G640 Original,Wooting 60 HE,Audio-Technica ATH-M50X
314,Free Agent,falltw,Razer Deathadder V3 Pro Black,1000.0,800.0,0.377,301.6,1.0,ZOWIE XL2566K,1280x960,SteelSeries QcK+,Razer Huntsman V3 Pro TKL,Razer BlackShark V2 Pro
315,Content Creator,JASONR,ZOWIE EC3-C,1000.0,800.0,0.32,256.0,1.0,ZOWIE XL2540,1920x1080,Razer Gigantus V2,Logitech G915,
316,Content Creator,Dizzy,ZOWIE ZA13-C,1000.0,800.0,0.35,280.0,1.0,ZOWIE XL2546,1920x1080,ZOWIE G-SR-SE Deep Blue,SteelSeries Apex Pro TKL,
317,Content Creator,sinatraa,Logitech G Pro X Superlight White,1000.0,800.0,0.387,309.6,1.0,ZOWIE XL2546,1920x1080,Logitech G640 Original,Matrix x sinatraa Keyboard,JBL Quantum One
318,Content Creator,Horcus,Razer Viper Ultimate,1000.0,800.0,0.315,252.0,1.0,ZOWIE XL2546,1920x1080,GIGABYTE AORUS AMP500,Razer Huntsman Elite,HyperX Cloud II
319,Content Creator,brax,Logitech G Pro X Superlight Black,1000.0,400.0,0.55,220.0,1.0,ZOWIE XL2546S,1920x1080,Logitech G640 Original,Logitech G Pro X Keyboard,Sennheiser HD 600
320,Content Creator,Vorwenn,Logitech G Pro X Superlight Black,1000.0,800.0,0.4,320.0,1.0,ZOWIE XL2540K,1280x960,Artisan Ninja FX Zero XSoft,Razer Huntsman TE,HyperX Cloud Alpha S
321,Content Creator,Drakonz,Razer Viper Ultimate,1000.0,800.0,0.34600000000000003,274.8,1.0,ZOWIE XL2546,1920x1080,Artisan Ninja FX Zero Soft,SteelSeries Apex Pro TKL,HyperX Cloud Alpha
322,Solary,memset,Logitech G Pro X Superlight Black,1000.0,400.0,0.39,156.0,,ZOWIE XL2546K,1920x1080,Razer Gigantus V2,Razer Huntsman TE,Razer BlackShark V2
323,Retired,mixwell,Logitech G703,1000.0,400.0,0.69,276.0,1.0,AOC AG251FZ2E,1920x1080,Logitech G640 Original,Logitech G Pro X Keyboard,Logitech G Pro X Headset
324,Riddle Order,Seoldam,Logitech G Pro X Superlight Red,1000.0,1600.0,0.17,272.0,0.95,ZOWIE XL2566K,1920x1080,SteelSeries QcK Heavy,SteelSeries Apex Pro TKL (2023),Logitech G Pro X Wireless Headset
